{
  "intents": [
    {
      "intent": "PlayAudio"
    },
    {
      "intent": "AMAZON.PauseIntent"
    },
    {
      "intent": "AMAZON.ResumeIntent"
    },
    {
      "intent": "AMAZON.NextIntent"
    },
    {
      "intent": "AMAZON.PreviousIntent"
    },
    {
      "intent": "AMAZON.HelpIntent"
    },
    {
      "intent": "AMAZON.StopIntent"
    },
    {
      "intent": "AMAZON.CancelIntent"
    },
    {
      "intent": "AMAZON.StartOverIntent"
    },
    {
      "intent": "AMAZON.YesIntent"
    },
    {
      "intent": "AMAZON.NoIntent"
    }
  ]
}